{
  "type": "create:mixing",
  "ingredients": [
    {
      "item": "minecraft:cobblestone"
    },
    {
      "item": "minecraft:cobblestone"
    },
    {
      "item": "minecraft:cobblestone"
    },
    {
      "item": "minecraft:cobblestone"
    },
    {
      "item": "minecraft:cobblestone"
    },
    {
      "item": "minecraft:cobblestone"
    },
    {
      "item": "minecraft:cobblestone"
    },
    {
      "item": "minecraft:cobblestone"
    },
    {
      "fluid": "minecraft:water",
      "nbt": {},
      "amount": 1000
    }
  ],
  "results": [
    {
      "item": "minecraft:tuff",
      "count": 2
    }
  ],
  "heatRequirement": "none"
}